183.800	Our First Power Moon
294.433	Multi Moon Atop the Falls
324.100	Treasure of the Waterfall Basin
417.933	Overlooking the Desert Town
423.833	Bird Traveling the Desert
434.233	A Rumble from the Sandy Floor
469.667	Hidden Room in the Flowing Sands
490.600	Sphynx's Treasure Vault
509.067	Lost in the Luggage
570.667	Secret of the Inverted Mural
594.167	Hidden Room in the Inverted Pyramid
623.500	On the Statue's Tail
681.867	Showdown on the Inverted Pyramid
742.167	Sand Kingdom Slots
763.333	Atop the Highest Tower
808.800	Goomba Tower Assembly
837.233	Underground Treasure Chest
952.933	The Hole in the Desert
1061.100	Beneath the Roots of a Moving Tree
1086.867	Glowing in the Deep Woods
1109.367	The Hard Rock in Deep Woods
1117.400	Rolling Rock in the Deep Woods
1135.267	By the Babbling Brook in the Deep Woods
1168.500	Atop a Tall Tree
1186.567	Tucked Away Inside a Tunnel
1209.200	Climb the Cliff to Get the Nut
1233.567	The Nut at the Dead End
1246.733	Road to Sky Garden
1282.133	Cracked Nut on a Crumbling Tower
1307.567	Nut Planted in the Tower
1313.800	Stretching Your Legs
1369.933	Flower Thieves of Sky Garden
1456.667	End of the Hidden Passage
1465.900	Cheep Cheep Crossing
1476.600	Dorrie-Back Rider
1492.533	From the Broken Pillar
1540.467	Broodals Over the Lake
1568.300	On the Lakeshore
1712.600	On the Mountain Road
1731.833	A Butterfly's Treasure
1737.900	Over the Fuzzies, Above the Swamp
1750.433	Avoiding Fuzzies Inside the Wall
1763.867	Enjoying the View of Forgotten Isle
1774.200	Cave Gardening
1783.000	On a Tree in the Swamp
1795.800	Inside the Stone Cage
1806.767	The Caged Gold
1812.167	Peeking Out from Under the Bridge
1832.100	Soaring Over the Forgotten Isle!
1878.367	Twist ‘n' Turn-Up Treasure
1956.033	Girder Sandwich
1973.967	Swaying in the Breeze
2004.233	City Hall Lost & Found
2106.900	New Donk City's Pest Problem
2136.633	Secret Girder Tunnel!
2166.700	Bench Friends
2191.900	Drummer on Board!
2220.267	Bassist on Board!
2243.500	Glittering Above the Pool
2253.500	Left at the Cafe?
2274.500	Trumpeter on Board!
2305.000	Powering Up the Station
2348.067	Sewer Treasure
2469.567	Celebrating in the Streets!
2536.067	A Traditional Festival!
2566.533	A Tourist in the Metro Kingdom!
2661.200	Entrance to Shiveria
2684.500	Shopping in Shiveria
2698.933	The Shiverian Treasure Chest
2711.333	Shining in the Snow in Town
2862.500	The Bound Bowl Grand Prix
2891.367	Snow Kingdom Timer Challenge 2
2907.467	Caught Hopping in the Snow!
2927.533	Fishing in the Glacier!
2998.433	A Rumble from the Sandy Floor
3095.233	Taking Notes: Ocean Surface Dash
3114.167	Ride the Jetstream
3126.133	On the Cliff Overlooking the Beach
3140.867	Good Job, Captain Toad!
3153.900	The Seal Above the Canyon
3185.900	The Back Canyon: Excavate!
3203.767	What the Waves Left Behind
3217.033	The Hot Spring Seal
3331.967	The Glass Is Half Full!
3419.033	Luncheon Kingdom Timer Challenge 1
3467.467	The Broodals Are After Some Cookin'
3517.333	Under the Cheese Rocks
3544.833	Light the Lantern on the Small Island
3566.200	Crossing to the Magma
3575.833	Magma Narrow Path
3592.133	Surrounded by Tall Mountains
3623.567	Big Pot on the Volcano: Dive In!
3657.167	The Treasure Chest in the Veggies
3690.700	Overlooking a Bunch of Ingredients
3709.200	Alcove Behind the Pillars of Magma
3726.100	Climb Up the Cascading Magma
3758.067	Light the Far-Off Lanterns
3871.867	Cookatiel Showdown!
3946.967	In the Ancient Treasure Chest
4076.100	Battle with the Lord of Lightning!
4153.867	Behind the Big Wall
4185.433	Infiltrate Bowser's Castle
4253.867	Poking the Turret Wall
4262.600	Treasure Inside the Turret
4277.100	Smart Bombing
4308.200	From the Side above the Castle Gate
4340.867	Underground Jizo
4348.167	Jizo All in a Row
4446.100	Big Broodal Battle
4480.200	Hidden Corridor Under the Floor
4512.967	Good to See You, Captain Toad!
4523.500	Inside a Block in the Castle
4560.233	Poking Your Nose by the Great Gate
4662.667	Showdown at Bowser's Castle
4693.500	Caught on the Iron Fence
4776.567	Caught Hopping on the Moon!
4788.433	Rolling Rock on the Moon
4807.267	Cliffside Treasure Chest
4858.433	The Tip of a White Spire
4874.567	Digging in the… Cloud?
4981.300	Hat Icon
5227.000	Light from the Ceiling
5241.433	Loose-Tile Trackdown
5269.433	Pops out of the Tail
5292.200	Secret Path to Mount Volbono!
5324.033	Captain Toad is Chilly!
5337.733	Taking Notes: Snow Path Dash
5370.067	Snow Kingdom Timer Challenge 1
5381.067	Above the Freezing Fish Pond
5395.200	Ice Floe Swimming
5408.933	Deep in the Cold, Cold Water
5426.033	Snow Kingdom Timer Challenge 3
5436.333	Shining on High
5451.200	It Popped Out of the Ice
5477.233	Peach in the Snow Kingdom
5497.767	Icy Jump Challenge
5506.233	Atop a Blustery Arch
5528.333	The Gusty Barrier
5566.600	Behind the Snowy Mountain
5580.767	Squirming Under the Ice
5589.233	The Snowy Mountain Barrier
5616.367	Water Pooling in the Crevasse
5632.100	Treasure in the Ice Wall
5642.867	The Ice Wall Barrier
5672.000	Jammin' in the Sand Kingdom
5693.933	Forgotten in the Holding Room
5728.300	Secret Path to Fossil Falls!
5735.233	Above a High Cliff
5775.500	Good Morning, Captain Toad!
5787.767	Chomp Through the Rocks
5812.533	Atop a Wall Among the Clouds
5829.133	Cascade Kingdom Master Cup
5842.933	Treasure Under the Cliff
5856.300	Just a Hat, Skip, and a Jump
5889.533	Behind the Waterfall
5900.933	Taking Notes: Hurry Upward
5917.700	Inside the Busted Fossil
5927.700	Peach in the Cascade Kingdom
5942.900	Guarded by a Colossal Fossil
5951.100	Next to the Stone Arch
5966.767	Cascade Kingdom Timer Challenge 2
5975.800	Across the Floating Isles
5993.233	Under the Ground
6007.433	Rolling Rock by the Falls
6027.700	Under the Old Electrical Pole
6035.367	Found with Lake Kingdom Art
6044.767	A Tourist in the Cascade Kingdom
6054.700	On Top of the Rubble
6072.567	Shopping in Fossil Falls
6081.733	Caught Hopping at the Waterfall!
6094.667	Cascade Kingdom Timer Challenge 1
6103.133	Bottom of the Waterfall Basin
6124.867	Secret Path to Bowser's Castle
6166.433	From Crates in the Moat
6180.633	Sunken Treasure in the Moat
6201.100	Above the Poison Swamp
6217.000	Knocking Down the Nice Frame
6232.500	On the Giant Bowser Statue's Nose
6245.433	Caught Hopping at Bowser's Castle!
6258.500	Caught on the Giant Horn
6274.433	A Rumble Under the Arena Floor
6287.900	Bowser's Kingdom Timer Challenge 1
6318.833	Jizo and the Hidden Room
6324.700	Jizo's Big Adventure
6344.100	Peach in Bowser's Kingdom
6362.933	Shopping at Bowser's Castle
6380.233	Third Courtyard Outskirts
6398.500	Taking notes: Between spinies
6417.300	Poking Your Nose in the Plaster Wall
6435.567	Taking Notes: On the Wall
6460.800	Small Bird in Bowser's Castle
6475.567	Past the Moving Wall
6504.367	Invader in Bowser's Castle
6525.733	Secret Path to Bubblaine
6546.900	Sea Gardening: Inlet Seed
6551.900	Above the Parasol: Catch!
6572.933	Treasure Trap Hidden in the Inlet
6594.500	A Light Next to the Lighthouse
6603.600	At the Base of the Lighthouse
6613.500	Bird Traveling Over the Ocean
6632.500	Shopping in Bubblaine
6646.700	Underwater Highway Tunnel
6657.333	Underwater Highway West: Explore!
6674.000	Found with Luncheon Kingdom Art
6691.567	The Tall Rock Shell in the Deep Ocean
6701.067	Under a Dangerous Ceiling
6711.067	Merci, Dorrie!
6722.600	Bubblaine Northern Reaches
6740.100	Gap in the Ocean Trench
6749.367	The Sphynx's Underwater Vault
6777.367	Caught Hopping at Glass Palace!
6788.000	Lighthouse Leaper
6805.933	Ocean-Bottom Maze: Hidden Room
6845.267	Taking Notes: Ocean-Bottom Maze
6854.300	Ocean-Bottom Maze: Treasure
6874.900	Glass Palace Treasure Chest
6889.033	Shh! It's a Shortcut!
6905.467	Slip Through the Nesting Spot
6919.800	Underwater Highway East: Explore!
6931.867	Rapid Ascent on Hot Spring Island
6942.133	A Fine Detail on the Glass
6958.133	Peach in the Seaside Kingdom
6969.667	What Shines Inside the Glass
6987.167	Secret Path to the Steam Gardens
6997.600	The Nut that Grew on the Tall Fence
7030.533	Path to the Secret Flower Field
7163.167	Defend the Secret Flower Field!
7189.667	Rolling Rock on the Moon
7195.067	Caught Hopping in the Forest!
7208.800	Shopping in Steam Gardens
7251.800	Looking Down on the Goombas
7277.167	Lost in the Tall Trees
7293.333	Behind the Rock Wall
7342.633	Spinning-Platforms Treasure
7360.467	Over the Cliff's Edge
7388.933	Love in the Forest Ruins
7400.167	The Nut ‘Round The Corner
7417.367	The Nut in the Robot Storeroom
7427.267	High Up in the Cave
7449.600	Flood Pipeway Ceiling Secret
7464.167	Flooding Pipeway
7487.100	Peach in the Wooded Kingdom
7498.467	The Nut Under the Observation Deck
7512.533	Above the Iron Mountain Path
7524.367	High Up on a Rock Wall
7535.667	The Nut in the Red Maze
7564.167	Moon Shards in the Forest
7576.100	Wooded Kingdom Timer Challenge 1
7589.100	Bird Traveling the Forest
7609.900	Fire in the Cave
7644.867	Below Breakdown Road
7652.267	Down and Back Breakdown Road
7675.267	Wooded Kingdom Timer Challenge 3
7685.767	Thanks for the Charge!
7700.200	Wooded Kingdom Timer Challenge 2
7719.033	Secret Path to Tostarena!
7731.800	Top of a Dune
7751.700	On the Eastern Pillar
7764.767	Jammin' in the Sand Kingdom
7785.167	Found with Sand Kingdom Art
7800.533	Hang Your Hat on the Fountain
7807.033	Desert Gardening: Plaza Seed
7820.100	Found in the Sand! Good Dog!
7835.267	Employees Only
7852.600	On Top of Stone Archway
7886.767	Love in the Heart of the Desert
7897.933	Bullet Bill Breakthrough
7911.533	Inside a Block Is a Hard Place
7923.300	On the Leaning Pillar
7937.067	An invisible Gleam
7956.467	The Treasure of Jaxi Ruins
7969.633	In the Skies Above the Canyon
7987.467	Sand Kingdom Timer Challenge 3
7999.333	Bird Traveling Wastes
8014.333	Wandering Cactus
8029.100	Jaxi Reunion!
8042.267	Peach in the Sand Kingdom
8051.333	Where the Birds Gather
8082.367	Fishing in the Oasis
8097.333	Taking Notes: Jump on the Palm
8163.233	Taking Notes: Running Down
8170.500	Secret of the Mural
8191.533	Round-the-World Tourist
8204.600	The Lurker Under the Stone
8224.033	Welcome Back, Jaxi!
8243.200	Found with Wooded Kingdom Art
8259.467	Among the Five Cactuses
8282.100	The Bullet Bill Maze: Side Path
8294.633	The Bullet Bill Maze: Break Through!
8314.967	Sand Kingdom Timer Challenge 1
8330.500	Mighty Leap from the Palm Tree!
8355.033	Skull Sign in the Transparent Maze
8365.633	The Invisible Maze
8386.367	Into the Flowing Sands
8402.200	Island in the Poison Swamp
8409.300	Found with Bowser's Kingdom Art
8428.633	Sand Kingdom Timer Challenge 2
8450.967	On the North Pillar
8458.600	Alcove in the Ruins
8468.967	From a Crate In The Ruins
8483.767	On the Lone Pillar
8503.533	Secret Path to New Donk City!
8557.500	Sphynx in the City
8564.433	City Gardening: Plaza Planter
8572.100	Hat-and-Seek: In the City
8582.100	Found with Seaside Kingdom Art
8607.467	Peach in the Metro Kingdom
8626.733	Metro Kingdom Timer Challenge 1
8637.133	Inside an Iron Girder
8658.600	Metro Kingdom Slots
8678.033	City Gardening: Building Planter
8690.633	Who Piled Garbage on This?
8705.133	Caught Hopping at the Waterfall!
8714.933	Crossing Lines
8728.167	Peach in the Metro Kingdom
8745.067	Out of a Crate in the City
8761.700	Hat-and-Seek: In the Crowd
8781.233	High Over the Crowd
8798.200	Hanging Between Buildings
8820.633	Bird Traveling in the City
8837.900	One Man's Trash…
8857.133	Bullet Billding
8877.767	Hidden in the Scrap
8892.467	Bird Traveling in the Park
8900.233	Found in the Park! Good Dog!
8931.700	Dizzying Heights
8949.133	Metro Kingdom Timer Challenge 2
8958.467	How Do They Take Out the Trash?
8973.267	Free Parking: Rooftop Hop
8998.833	Scaling Pitchblack Mountain
9007.967	Reaching Pitchblack Island
9035.967	Secret Path to Lake Lamode!
9060.767	Lake Fishing
9082.367	Taking Notes: Dive and Swim
9106.433	Behind the Floodgate
9115.267	Bird Traveling Over the Lake
9138.400	Love by the Lake
9173.333	Waves of Poison: Hop to It!
9178.333	Waves of Poison: Hoppin' Over
9198.100	Lake Kingdom Timer Challenge 2
9208.767	Peach in the Cascade Kingdom
9224.733	Found with Metro Kingdom Art
9236.967	Our Secret Little Room
9268.433	Deep, Deep Down
9280.567	Let's Go Swimming, Captain Toad!
9305.967	I Met a Lake Cheep Cheep!
9314.167	Skimming the Poison Tide
9333.200	Rooftop of the Water Plaza
9338.900	What's in the Box?
9368.433	Jump, Grab, and Climb Some More
9401.833	Secret Path to Bowser's Castle
9418.900	A Tourist in the Luncheon Kingdom!
9429.167	Caught Hopping at the Volcano!
9439.933	Atop a Column in a Row
9452.833	Island of Salt Floating in the Lava
9495.633	Fork Flickin' Detour
9502.333	Fork Flickin' to the Summit
9522.467	By the Cannon Pointed at the Big Pot
9531.867	On Top of a Tall, Tall Roof
9557.300	Luncheon Kingdom Timer Challenge 3
9571.933	Bon Appetit, Captain Toad!
9694.267	Hidden in a Sunken Hat
9711.467	Bonnetter Blockade
9729.700	Cap Kingdom Timer Challenge 2
9744.233	Shopping in Bonneton
9764.300	Precision Rolling
9812.967	Good Evening, Captain Toad!
9826.000	Fly to the Edge of the Fog
9839.200	Under the Big One's Brim
9856.000	Cap Kingdom Timer Challenge 1
9872.467	Peach in the Cap Kingdom
9882.000	Fog-Shrouded Platform
9898.867	Spin the Hat, Get a Prize
9906.667	Found with Mushroom Kingdom Art
9912.267	Next to Glasses Bridge
9927.500	Bird Traveling in the Fog
9947.167	Taking Notes: In the Fog
9961.000	Danger Sign
9973.500	Caught Hopping Near the Ship!
10035.767	Shopping on Forgotten Isle
10050.567	Peach in the Lost Kingdom
10075.400	Below the Cliff's Edge
10086.667	Wrecked Rock Block
10094.167	Inside the Rising Stone Pillar
10108.800	Get Some Rest, Captain Toad
10118.900	Jump Down to the Top of a Tree
10136.933	Found with Snow Kingdom Art
10150.967	Moon Shards in the Jungle
10162.267	Atop a Propeller Pillar
10180.733	Taking Notes: Stretch and Shrink
10205.700	Line It Up, Blow It Up
10213.800	Caught Hopping in the Jungle!
10218.800	A Propeller Pillar's Secret
10233.933	The Shining Fruit
10241.733	Lost Kingdom Timer Challenge
10293.933	A Tourist in the Moon Kingdom
10305.933	Found with Cap Kingdom Art
10315.600	Thanks, Captain Toad!
10324.567	Shining Above the Moon
10333.633	Sneaking Around in the Crater
10377.867	Piled on the Salt
10397.700	Flying Over the Lava Islands
10411.433	Treasure of the Lava Islands
10434.267	Light the Two Flames
10444.067	Lurking in the Pillar's Shadow
10466.033	Love Above the Lava
10479.400	From Inside a Bright Stone
10495.500	Luncheon Kingdom Timer Challenge 2
10511.000	Jammin' in the Luncheon Kingdom
10525.267	Corner of the Magma Swamp
10556.833	Luncheon Kingdom Slots
10573.667	Hat-and-Seek: Among the Food
10586.733	Is This an Ingredient Too?!
10601.200	Peach in the Luncheon Kingdom
10612.967	Golden Turnip Recipe 1
10628.733	Atop the Jutting Crag
10642.200	From a Crack in the Hard Ground
10654.333	Power Moon Ruler
10677.833	Taking Notes: Swimming in Magma
10697.600	All the Cracks Are Fixed
10721.167	Secret Path to Peach's Castle!
10743.300	Jammin' in the Mushroom Kingdom
10757.033	A Tourist in the Mushroom Kingdom
10777.200	Shopping on Forgotten Isle
10790.767	Forever Onward, Captain Toad!
10816.767	Gardening for Toad: Garden Seed
10821.767	Caught Hopping at Peach's Castle!
10826.767	Gardening for Toad: Field Seed
10838.933	Grow a Flower Garden
10857.100	Mushroom Kingdom Timer Challenge
10874.533	Toad Defender
10895.567	Love at Peach's Castle
10910.067	Perched on the Castle Roof
10929.767	Rescue Princess Peach
10943.467	Achieve World Peace
10950.533	Power Moon Knight
10964.733	Flat Moon Finder
10971.767	Treasure Chest Hunter
10978.833	Note-Collecting World Tour
10985.867	Timer Challenge Amateur
10992.900	Timer Challenge Professional
11000.000	Captain Toad Meeter
11007.133	Captain Toad Greeter
11014.133	Touring with Princess Peach
11021.167	Globe-Trotting with Princess Peach
11028.200	Gaga for Goombette
11035.300	Lakitu Fishing Trip
11042.300	Flower-Growing Guru
11049.333	Running with Rabbits
11056.333	Racing with Rabbits
11063.333	Ground Pound Instructor
11070.467	Ground Pound Professor
11084.433	Super Rad Hatter
11091.467	Traveling-Bird Herder
11098.533	Hat-Seeking Missile
11105.700	Art Enthusiast
11112.700	Slots Machine
11119.833	Capturing Novice
11126.833	Capturing Apprentice
11140.867	Checkpoint Flagger
11147.900	Loaded with Coins
11503.367	Long Journey's End
