219.967	Our First Power Moon
319.900	Multi Moon Atop the Falls
349.033	Above a High Cliff
444.033	Bird Traveling the Desert
455.000	A Rumble from the Sandy Floor
465.333	Overlooking the Desert Town
495.233	Hidden Room in the Flowing Sands
516.000	Sphynx's Treasure Vault
532.700	Lost in the Luggage
586.233	Secret of the Inverted Mural
609.200	Hidden Room in the Inverted Pyramid
639.267	On the Statue's Tail
698.567	Showdown on the Inverted Pyramid
758.067	Sand Kingdom Slots
779.700	Atop the Highest Tower
825.833	Goomba Tower Assembly
857.533	Underground Treasure Chest
976.733	The Hole in the Desert
1089.100	Beneath the Roots of a Moving Tree
1114.733	Glowing in the Deep Woods
1138.967	The Hard Rock in Deep Woods
1147.000	Rolling Rock by the Falls
1166.133	By the Babbling Brook in the Deep Woods
1198.267	Atop a Tall Tree
1217.100	Tucked Away Inside a Tunnel
1232.333	Climb the Cliff to Get the Nut
1256.200	The Nut at the Dead End
1268.567	Road to Sky Garden
1298.200	Cracked Nut on a Crumbling Tower
1323.033	Nut Planted in the Tower
1329.200	Stretching Your Legs
1384.000	Flower Thieves of Sky Garden
1478.533	End of the Hidden Passage
1490.233	Cheep Cheep Crossing
1500.333	Dorrie-Back Rider
1516.433	From the Broken Pillar
1563.633	Broodals Over the Lake
1592.767	On the Lakeshore
1739.467	On the Mountain Road
1760.467	A Butterfly's Treasure
1766.633	Over the Fuzzies, Above the Swamp
1779.967	Avoiding Fuzzies Inside the Wall
1795.367	Enjoying the View of Forgotten Isle
1805.500	Cave Gardening
1814.800	On a Tree in the Swamp
1828.500	Inside the Stone Cage
1837.833	The Caged Gold
1863.467	Soaring Over the Forgotten Isle!
1890.433	Twist ‘n' Turn-Up Treasure
1968.600	Girder Sandwich
1986.000	Swaying in the Breeze
2015.767	City Hall Lost & Found
2117.567	New Donk City's Pest Problem
2148.300	Secret Girder Tunnel!
2178.467	Bench Friends
2205.233	Drummer on Board!
2234.267	Bassist on Board!
2264.700	Guitarist on Board!
2297.767	Left at the Cafe?
2319.567	Trumpeter on Board!
2365.833	Sewer Treasure
2390.000	Powering Up the Station
2482.467	Celebrating in the Streets!
2551.533	A Traditional Festival!
2581.000	A Tourist in the Metro Kingdom!
2674.700	Entrance to Shiveria
2696.567	Shopping in Shiveria
2711.533	The Shiverian Treasure Chest
2725.000	Shining in the Snow in Town
2880.167	The Bound Bowl Grand Prix
2908.667	Snow Kingdom Timer Challenge 2
2924.133	Caught Hopping in the Snow!
2943.633	Fishing in the Glacier!
3016.800	A Rumble from the Sandy Floor
3131.400	Taking Notes: Ocean Surface Dash
3150.567	Ride the Jetstream
3165.667	On the Cliff Overlooking the Beach
3181.833	Good Job, Captain Toad!
3195.167	The Seal Above the Canyon
3228.733	The Back Canyon: Excavate!
3251.900	What the Waves Left Behind
3265.500	The Hot Spring Seal
3379.900	The Glass Is Half Full!
3468.300	Luncheon Kingdom Timer Challenge 1
3516.800	The Broodals Are After Some Cookin'
3566.100	Under the Cheese Rocks
3594.333	Light the Lantern on the Small Island
3615.767	Crossing to the Magma
3625.667	Magma Narrow Path
3643.533	Surrounded by Tall Mountains
3675.033	Big Pot on the Volcano: Dive In!
3709.467	The Treasure Chest in the Veggies
3742.633	Overlooking a Bunch of Ingredients
3773.533	Alcove Behind the Pillars of Magma
3790.600	Climb Up the Cascading Magma
3822.900	Light the Far-Off Lanterns
3929.067	Cookatiel Showdown!
4006.367	In the Ancient Treasure Chest
4137.900	Battle with the Lord of Lightning!
4215.900	Behind the Big Wall
4247.467	Infiltrate Bowser's Castle
4318.700	Poking the Turret Wall
4327.667	Treasure Inside the Turret
4340.967	Smart Bombing
4364.400	From the Side above the Castle Gate
4399.733	Underground Jizo
4407.100	Jizo All in a Row
4505.333	Big Broodal Battle
4535.900	Hidden Corridor Under the Floor
4571.100	Good to See You, Captain Toad!
4582.300	Inside a Block in the Castle
4617.000	Poking Your Nose by the Great Gate
4726.333	Showdown at Bowser's Castle
4758.800	Caught on the Iron Fence
4843.867	Caught Hopping on the Moon!
4856.933	Rolling Rock on the Moon
4875.533	Cliffside Treasure Chest
4928.100	The Tip of a White Spire
4947.333	Digging in the… Cloud?
5303.767	Light from the Ceiling
5315.500	Loose-Tile Trackdown
5339.933	Pops out of the Tail
5362.833	Secret Path to Shiveria!
5394.667	Captain Toad is Chilly!
5406.900	Taking Notes: Snow Path Dash
5439.667	Snow Kingdom Timer Challenge 1
5450.800	Above the Freezing Fish Pond
5463.500	Ice Floe Swimming
5477.533	Deep in the Cold, Cold Water
5495.300	Snow Kingdom Timer Challenge 3
5506.400	Shining on High
5524.733	It Popped Out of the Ice
5552.133	Peach in the Snow Kingdom
5574.000	Icy Jump Challenge
5582.700	Atop a Blustery Arch
5603.233	The Gusty Barrier
5639.167	Behind the Snowy Mountain
5655.700	Squirming Under the Ice
5664.400	The Snowy Mountain Barrier
5693.900	Water Pooling in the Crevasse
5711.333	Treasure in the Ice Wall
5722.333	The Ice Wall Barrier
5776.367	City Hall Lost & Found
5818.567	Secret Path to Fossil Falls!
5852.300	Cascade Kingdom Timer Challenge 2
5861.733	Across the Floating Isles
5886.467	Good Morning, Captain Toad!
5898.433	Chomp Through the Rocks
5924.133	Atop a Wall Among the Clouds
5941.167	Cascade Kingdom Master Cup
5955.633	Treasure Under the Cliff
5968.967	Just a Hat, Skip, and a Jump
6003.400	Behind the Waterfall
6014.233	Taking Notes: Hurry Upward
6026.167	Peach in the Cascade Kingdom
6045.167	Inside the Busted Fossil
6055.633	Guarded by a Colossal Fossil
6063.833	Next to the Stone Arch
6077.933	Under the Ground
6093.267	Rolling Rock by the Falls
6116.533	Under the Old Electrical Pole
6125.567	Found with Lake Kingdom Art
6135.133	A Tourist in the Cascade Kingdom
6145.167	On Top of the Rubble
6163.500	Shopping in Fossil Falls
6172.900	Caught Hopping at the Waterfall!
6186.033	Cascade Kingdom Timer Challenge 1
6194.800	Treasure of the Waterfall Basin
6204.600	Bottom of the Waterfall Basin
6268.533	From Crates in the Moat
6282.667	Sunken Treasure in the Moat
6305.467	Above the Poison Swamp
6322.700	Knocking Down the Nice Frame
6338.433	On the Giant Bowser Statue's Nose
6354.300	Caught Hopping at Bowser's Castle!
6366.533	Caught on the Giant Horn
6382.000	A Rumble Under the Arena Floor
6397.433	Bowser's Kingdom Timer Challenge 1
6426.833	Jizo and the Hidden Room
6432.533	Jizo's Big Adventure
6449.533	Third Courtyard Outskirts
6470.967	Taking notes: Between spinies
6489.933	Poking Your Nose in the Plaster Wall
6505.267	Taking Notes: On the Wall
6531.067	Small Bird in Bowser's Castle
6546.400	Past the Moving Wall
6567.433	Peach in Bowser's Kingdom
6587.033	Shopping on Forgotten Isle
6618.500	Invader in Bowser's Castle
6640.667	Secret Path to Bubblaine
6663.900	Sea Gardening: Inlet Seed
6668.900	Above the Parasol: Catch!
6691.133	Treasure Trap Hidden in the Inlet
6713.033	A Light Next to the Lighthouse
6723.667	At the Base of the Lighthouse
6733.933	Bird Traveling Over the Ocean
6754.033	Shopping in Bubblaine
6768.867	Underwater Highway Tunnel
6796.267	Found with Luncheon Kingdom Art
6819.633	The Tall Rock Shell in the Deep Ocean
6828.633	Under a Dangerous Ceiling
6835.633	Merci, Dorrie!
6847.633	Bubblaine Northern Reaches
6864.367	Gap in the Ocean Trench
6873.433	The Sphynx's Underwater Vault
6902.233	A Fine Detail on the Glass
6919.133	Lighthouse Leaper
6925.367	Caught Hopping at Glass Palace!
6944.133	Ocean-Bottom Maze: Hidden Room
6992.400	Taking Notes: Ocean-Bottom Maze
7000.900	Ocean-Bottom Maze: Treasure
7023.400	Glass Palace Treasure Chest
7057.600	Slip Through the Nesting Spot
7088.300	Rapid Ascent on Hot Spring Island
7106.167	Peach in the Seaside Kingdom
7117.633	What Shines Inside the Glass
7135.267	Secret Path to the Steam Gardens
7145.667	The Nut that Grew on the Tall Fence
7179.333	Path to the Secret Flower Field
7319.667	Defend the Secret Flower Field!
7345.033	Rolling Rock in the Woods
7350.200	Caught Hopping in the Forest!
7364.367	Shopping in Steam Gardens
7409.700	Looking Down on the Goombas
7432.700	Lost in the Tall Trees
7439.700	Behind the Rock Wall
7463.200	Hey Out There, Captain Toad!
7488.133	Spinning-Platforms Treasure
7506.933	Push-Block Peril
7537.667	Love in the Forest Ruins
7548.933	The Nut ‘Round The Corner
7563.233	The Nut in the Robot Storeroom
7596.567	Flood Pipeway Ceiling Secret
7607.633	Flooding Pipeway
7652.267	The Nut Under the Observation Deck
7665.000	Above the Iron Mountain Path
7678.667	High Up on a Rock Wall
7689.867	The Nut in the Red Maze
7735.967	Moon Shards in the Forest
7743.267	Bird Traveling the Forest
7763.167	Fire in the Cave
7798.933	Below Breakdown Road
7806.567	Down and Back Breakdown Road
7831.100	Wooded Kingdom Timer Challenge 3
7853.500	Wooded Kingdom Timer Challenge 2
7873.200	Secret Path to Bowser's Castle
7886.033	Top of a Dune
7906.267	Caught Hopping in the Desert!
7919.700	Hat-and-Seek: In the Sand
7943.700	Jammin' in the Sand Kingdom
7958.600	Hang Your Hat on the Fountain
7966.600	Desert Gardening: Plaza Seed
7977.867	Found in the Sand! Good Dog!
7991.100	Employees Only
8008.533	On Top of Stone Archway
8034.667	Love in the Heart of the Desert
8044.333	Bullet Bill Breakthrough
8057.933	Inside a Block Is a Hard Place
8068.833	On the Leaning Pillar
8084.867	On the Eastern Pillar
8101.067	The Treasure of Jaxi Ruins
8125.733	Island in the Poison Swamp
8131.533	Sand Kingdom Timer Challenge 3
8144.067	Bird Traveling Wastes
8158.133	Wandering Cactus
8173.767	Jaxi Reunion!
8184.500	Mighty Leap from the Palm Tree!
8192.233	Where the Birds Gather
8241.967	Taking Notes: Jump on the Palm
8280.900	Taking Notes: In the Wall Painting
8293.733	Secret of the Mural
8314.000	Peach in the Sand Kingdom
8328.233	The Lurker Under the Stone
8349.133	Welcome Back, Jaxi!
8369.100	Found with Wooded Kingdom Art
8384.967	Among the Five Cactuses
8409.033	The Bullet Bill Maze: Side Path
8421.367	The Bullet Bill Maze: Break Through!
8440.967	Sand Kingdom Timer Challenge 1
8455.933	On the North Pillar
8481.933	Skull Sign in the Transparent Maze
8493.633	The Invisible Maze
8514.700	In the Skies Above the Canyon
8530.633	An invisible Gleam
8538.267	Found with Bowser's Kingdom Art
8558.100	Sand Kingdom Timer Challenge 2
8581.733	Into the Flowing Sands
8590.533	Alcove in the Ruins
8604.967	From a Crate In The Ruins
8619.733	On the Lone Pillar
8638.900	Secret Path to New Donk City!
8694.833	Sphynx in the City
8703.600	City Gardening: Plaza Planter
8712.800	Hat-and-Seek: In the City
8722.867	Found with Seaside Kingdom Art
8750.667	Metro Kingdom Timer Challenge 3
8771.467	Metro Kingdom Timer Challenge 1
8782.400	Inside an Iron Girder
8806.167	Metro Kingdom Slots
8830.133	City Gardening: Building Planter
8854.000	Caught Hopping on a Building!
8863.367	Crossing Lines
8878.400	Peach in Bowser's Kingdom
8895.467	Out of a Crate in the City
8915.467	Hat-and-Seek: In the Crowd
8924.267	Pushing Through the Crowd
8933.567	High Over the Crowd
8956.700	Hidden in the Scrap
8971.733	Bird Traveling in the Park
8979.233	Found in the Park! Good Dog!
9004.067	Dizzying Heights
9021.600	Metro Kingdom Timer Challenge 2
9032.433	How Do They Take Out the Trash?
9046.167	Free Parking: Rooftop Hop
9071.333	Scaling Pitchblack Mountain
9081.000	Reaching Pitchblack Island
9098.833	Hanging Between Buildings
9109.167	Bird Traveling in the City
9126.733	One Man's Trash…
9141.533	Bullet Billding
9170.200	Secret Path to Lake Lamode!
9215.733	Taking Notes: Dive and Swim
9239.467	Behind the Floodgate
9248.633	Bird Traveling Over the Lake
9272.100	Love by the Lake
9307.000	Waves of Poison: Hop to It!
9312.000	Waves of Poison: Hoppin' Over
9334.033	Lake Kingdom Timer Challenge 2
9345.167	Peach in the Lake Kingdom
9360.433	Found with Metro Kingdom Art
9373.300	Our Secret Little Room
9406.667	Deep, Deep Down
9418.033	Let's Go Swimming, Captain Toad!
9442.733	I Met a Lake Cheep Cheep!
9451.200	Skimming the Poison Tide
9472.067	Rooftop of the Water Plaza
9478.033	What's in the Box?
9513.467	Jump, Grab, and Climb Some More
9547.833	Secret Path to Bowser's Castle
9565.333	A Tourist in the Luncheon Kingdom!
9575.733	Caught Hopping at the Volcano!
9587.167	Atop a Column in a Row
9599.867	Island of Salt Floating in the Lava
9645.033	Fork Flickin' Detour
9651.733	Fork Flickin' to the Summit
9672.967	By the Cannon Pointed at the Big Pot
9682.567	On Top of a Tall, Tall Roof
9707.867	Luncheon Kingdom Timer Challenge 3
9725.300	Bon Appetit, Captain Toad!
9871.267	Hidden in a Sunken Hat
9888.700	Bonnetter Blockade
9910.733	Cap Kingdom Timer Challenge 2
9925.333	Shopping in Bonneton
9946.433	Precision Rolling
9997.033	Good Evening, Captain Toad!
10009.300	Fly to the Edge of the Fog
10023.400	Under the Big One's Brim
10040.133	Cap Kingdom Timer Challenge 1
10057.233	Peach in the Cap Kingdom
10068.167	Fog-Shrouded Platform
10085.233	Spin the Hat, Get a Prize
10093.400	Found with Mushroom Kingdom Art
10099.067	Next to Glasses Bridge
10114.333	Bird Traveling in the Fog
10133.167	Taking Notes: In the Fog
10147.067	Danger Sign
10159.967	Caught Hopping Near the Ship!
10224.233	Shopping on Forgotten Isle
10239.833	Peach in the Lost Kingdom
10272.300	Below the Cliff's Edge
10288.500	Wrecked Rock Block
10299.033	Inside the Rising Stone Pillar
10313.267	Get Some Rest, Captain Toad
10322.567	Jump Down to the Top of a Tree
10348.767	Found with Snow Kingdom Art
10377.400	Moon Shards in the Jungle
10392.600	Atop a Propeller Pillar
10407.533	Taking Notes: Stretch and Shrink
10434.567	Line It Up, Blow It Up
10440.633	A Propeller Pillar's Secret
10447.967	Caught Hopping in the Jungle!
10465.433	The Shining Fruit
10473.200	Lost Kingdom Timer Challenge
10527.900	A Tourist in the Moon Kingdom
10539.433	Found with Cap Kingdom Art
10549.333	Thanks, Captain Toad!
10559.633	Shining Above the Moon
10571.600	Sneaking Around in the Crater
10618.333	Piled on the Salt
10639.533	Flying Over the Lava Islands
10655.833	Treasure of the Lava Islands
10678.567	Light the Two Flames
10688.567	Lurking in the Pillar's Shadow
10709.733	Love Above the Lava
10723.433	From Inside a Bright Stone
10740.633	Luncheon Kingdom Timer Challenge 2
10757.700	Jammin' in the Luncheon Kingdom
10774.000	Corner of the Magma Swamp
10806.067	Luncheon Kingdom Slots
10822.567	Hat-and-Seek: Among the Food
10841.100	Is This an Ingredient Too?!
10856.167	Peach in the Luncheon Kingdom
10884.533	Atop the Jutting Crag
10899.200	From a Crack in the Hard Ground
10914.167	Under the Meat Plateau
10937.767	Taking Notes: Swimming in Magma
10960.933	All the Cracks Are Fixed
10984.067	Secret Path to Peach's Castle!
11007.567	Jammin' in the Mushroom Kingdom
11021.933	A Tourist in the Mushroom Kingdom
11041.600	Shopping Near Peach's Castle
11056.133	Forever Onward, Captain Toad!
11071.233	Caught Hopping Near the Ship!
11077.900	Gardening for Toad: Garden Seed
11082.900	Gardening for Toad: Field Seed
11094.900	Grow a Flower Garden
11112.767	Mushroom Kingdom Timer Challenge
11131.800	Toad Defender
11153.667	Love at Peach's Castle
11166.600	Perched on the Castle Roof
11185.767	Rescue Princess Peach
11222.033	Flat Moon Finder
11236.233	Note-Collecting World Tour
11243.400	Timer Challenge Amateur
11250.400	Timer Challenge Professional
11257.400	Captain Toad Meeter
11264.533	Captain Toad Greeter
11271.567	Touring with Princess Peach
11278.633	Globe-Trotting with Princess Peach
11285.667	Gaga for Goombette
11292.700	Slip Behind the Ice
11300.033	Flower-Growing Guru
11307.133	Hidden in a Sunken Hat
11321.367	Ground Pound Instructor
11335.567	Rad Hatter
11342.700	Super Rad Hatter
11349.667	Traveling-Bird Herder
11356.767	Hat-Seeking Missile
11363.833	Art Enthusiast
11370.867	Slots Machine
11377.967	Capturing Novice
11385.067	Capturing Apprentice
11392.167	I Met a Pokio!
11399.267	Checkpoint Flagger
11406.500	Loaded with Coins
11783.967	Long Journey's End
